<?xml version="1.0" encoding="UTF-8"?>

<ancs>
  <anc>
    <anc_id>2833</anc_id>
    <patient_id>316822</patient_id>
    <facility_id>1190</facility_id>
    <anc_num>747</anc_num>
    <date_visit>2017-07-17</date_visit>
    <unique_id>0000543</unique_id>
    <date_enrolled_pmtct>2017-07-17</date_enrolled_pmtct>
    <source_referral>Self-referral</source_referral>
    <lmp>2017-05-10</lmp>
    <edd>2018-02-17</edd>
    <gestational_age></gestational_age>
    <gravida>3</gravida>
    <parity>2</parity>
    <time_hiv_diagnosis>Newly Tested HIV+ (ANC)</time_hiv_diagnosis>
    <arv_regimen_past></arv_regimen_past>
    <arv_regimen_current></arv_regimen_current>
    <date_arv_regimen_current>2017-08-07</date_arv_regimen_current>
    <clinic_stage></clinic_stage>
    <date_confirmed_hiv></date_confirmed_hiv>
    <func_status></func_status>
    <body_weight></body_weight>
    <cd4_ordered></cd4_ordered>
    <cd4></cd4>
    <number_anc_visit></number_anc_visit>
    <date_cd4></date_cd4>
    <viral_load_test_done></viral_load_test_done>
    <date_viral_load></date_viral_load>
    <syphilis_tested>No</syphilis_tested>
    <syphilis_test_result></syphilis_test_result>
    <syphilis_treated></syphilis_treated>
    <hepatitisb_tested></hepatitisb_tested>
    <hepatitisb_test_result></hepatitisb_test_result>
    <hepatitisc_tested></hepatitisc_tested>
    <hepatitisc_test_result></hepatitisc_test_result>
    <date_next_appointment></date_next_appointment>
    <viral_load_result></viral_load_result>
    <height></height>
    <time_stamp>2019-06-03 10:12:08.0</time_stamp>
    <uploaded></uploaded>
    <time_uploaded>2019-06-03 10:12:08.0</time_uploaded>
    <user_id>1</user_id>
    <id_uuid>4a25995e-8947-4854-90cd-0b64a16a2ae4</id_uuid>
    <hospital_num>0000543</hospital_num>
  </anc>
  <anc>
    <anc_id>2834</anc_id>
    <patient_id>316824</patient_id>
    <facility_id>1190</facility_id>
    <anc_num>331</anc_num>
    <date_visit>2018-04-04</date_visit>
    <unique_id>0000616</unique_id>
    <date_enrolled_pmtct>2018-04-04</date_enrolled_pmtct>
    <source_referral>Self-referral</source_referral>
    <lmp>2017-11-30</lmp>
    <edd>2018-09-06</edd>
    <gestational_age></gestational_age>
    <gravida>2</gravida>
    <parity>2</parity>
    <time_hiv_diagnosis>Newly Tested HIV+ (ANC)</time_hiv_diagnosis>
    <arv_regimen_past></arv_regimen_past>
    <arv_regimen_current></arv_regimen_current>
    <date_arv_regimen_current>2018-04-17</date_arv_regimen_current>
    <clinic_stage></clinic_stage>
    <date_confirmed_hiv>2018-04-17</date_confirmed_hiv>
    <func_status></func_status>
    <body_weight></body_weight>
    <cd4_ordered></cd4_ordered>
    <cd4></cd4>
    <number_anc_visit></number_anc_visit>
    <date_cd4></date_cd4>
    <viral_load_test_done></viral_load_test_done>
    <date_viral_load></date_viral_load>
    <syphilis_tested>No</syphilis_tested>
    <syphilis_test_result></syphilis_test_result>
    <syphilis_treated></syphilis_treated>
    <hepatitisb_tested></hepatitisb_tested>
    <hepatitisb_test_result></hepatitisb_test_result>
    <hepatitisc_tested></hepatitisc_tested>
    <hepatitisc_test_result></hepatitisc_test_result>
    <date_next_appointment></date_next_appointment>
    <viral_load_result></viral_load_result>
    <height></height>
    <time_stamp>2019-06-03 10:12:08.0</time_stamp>
    <uploaded></uploaded>
    <time_uploaded>2019-06-03 10:12:08.0</time_uploaded>
    <user_id>1</user_id>
    <id_uuid>5fafedc9-95c5-4036-80d0-f203274ece23</id_uuid>
    <hospital_num>0000616</hospital_num>
  </anc>
  <anc>
    <anc_id>2835</anc_id>
    <patient_id>316851</patient_id>
    <facility_id>1190</facility_id>
    <anc_num>0000664</anc_num>
    <date_visit>2018-09-26</date_visit>
    <unique_id>0000664</unique_id>
    <date_enrolled_pmtct>2018-09-26</date_enrolled_pmtct>
    <source_referral>Self-referral</source_referral>
    <lmp>2018-07-25</lmp>
    <edd>2019-05-02</edd>
    <gestational_age></gestational_age>
    <gravida>2</gravida>
    <parity></parity>
    <time_hiv_diagnosis>Newly Tested HIV+ (ANC)</time_hiv_diagnosis>
    <arv_regimen_past></arv_regimen_past>
    <arv_regimen_current></arv_regimen_current>
    <date_arv_regimen_current>2018-10-30</date_arv_regimen_current>
    <clinic_stage></clinic_stage>
    <date_confirmed_hiv>2018-10-30</date_confirmed_hiv>
    <func_status></func_status>
    <body_weight></body_weight>
    <cd4_ordered></cd4_ordered>
    <cd4></cd4>
    <number_anc_visit></number_anc_visit>
    <date_cd4></date_cd4>
    <viral_load_test_done></viral_load_test_done>
    <date_viral_load></date_viral_load>
    <syphilis_tested>No</syphilis_tested>
    <syphilis_test_result></syphilis_test_result>
    <syphilis_treated></syphilis_treated>
    <hepatitisb_tested></hepatitisb_tested>
    <hepatitisb_test_result></hepatitisb_test_result>
    <hepatitisc_tested></hepatitisc_tested>
    <hepatitisc_test_result></hepatitisc_test_result>
    <date_next_appointment></date_next_appointment>
    <viral_load_result></viral_load_result>
    <height></height>
    <time_stamp>2019-06-03 10:12:08.0</time_stamp>
    <uploaded></uploaded>
    <time_uploaded>2019-06-03 10:12:08.0</time_uploaded>
    <user_id>1</user_id>
    <id_uuid>c44c28aa-bc52-44a6-834a-2e5cadfd4634</id_uuid>
    <hospital_num>0000664</hospital_num>
  </anc>
  <anc>
    <anc_id>2836</anc_id>
    <patient_id>316860</patient_id>
    <facility_id>1190</facility_id>
    <anc_num>1031</anc_num>
    <date_visit>2018-09-26</date_visit>
    <unique_id>0000648</unique_id>
    <date_enrolled_pmtct>2018-09-26</date_enrolled_pmtct>
    <source_referral>Self-referral</source_referral>
    <lmp>2018-05-25</lmp>
    <edd>2019-03-04</edd>
    <gestational_age></gestational_age>
    <gravida>3</gravida>
    <parity>6</parity>
    <time_hiv_diagnosis>Newly Tested HIV+ (ANC)</time_hiv_diagnosis>
    <arv_regimen_past></arv_regimen_past>
    <arv_regimen_current></arv_regimen_current>
    <date_arv_regimen_current>2018-09-07</date_arv_regimen_current>
    <clinic_stage></clinic_stage>
    <date_confirmed_hiv>2018-09-07</date_confirmed_hiv>
    <func_status></func_status>
    <body_weight></body_weight>
    <cd4_ordered></cd4_ordered>
    <cd4></cd4>
    <number_anc_visit></number_anc_visit>
    <date_cd4></date_cd4>
    <viral_load_test_done></viral_load_test_done>
    <date_viral_load></date_viral_load>
    <syphilis_tested>No</syphilis_tested>
    <syphilis_test_result></syphilis_test_result>
    <syphilis_treated></syphilis_treated>
    <hepatitisb_tested></hepatitisb_tested>
    <hepatitisb_test_result></hepatitisb_test_result>
    <hepatitisc_tested></hepatitisc_tested>
    <hepatitisc_test_result></hepatitisc_test_result>
    <date_next_appointment></date_next_appointment>
    <viral_load_result></viral_load_result>
    <height></height>
    <time_stamp>2019-06-03 10:12:08.0</time_stamp>
    <uploaded></uploaded>
    <time_uploaded>2019-06-03 10:12:08.0</time_uploaded>
    <user_id>1</user_id>
    <id_uuid>1bde78b0-0cb2-452a-a484-161942342397</id_uuid>
    <hospital_num>0000648</hospital_num>
  </anc>
  <anc>
    <anc_id>2837</anc_id>
    <patient_id>316856</patient_id>
    <facility_id>1190</facility_id>
    <anc_num>1042</anc_num>
    <date_visit>2018-09-26</date_visit>
    <unique_id>0000506</unique_id>
    <date_enrolled_pmtct>2018-09-26</date_enrolled_pmtct>
    <source_referral>Self-referral</source_referral>
    <lmp>2018-07-25</lmp>
    <edd>2019-05-02</edd>
    <gestational_age></gestational_age>
    <gravida>1</gravida>
    <parity>2</parity>
    <time_hiv_diagnosis>Newly Tested HIV+ (ANC)</time_hiv_diagnosis>
    <arv_regimen_past></arv_regimen_past>
    <arv_regimen_current></arv_regimen_current>
    <date_arv_regimen_current>2017-05-09</date_arv_regimen_current>
    <clinic_stage></clinic_stage>
    <date_confirmed_hiv></date_confirmed_hiv>
    <func_status></func_status>
    <body_weight></body_weight>
    <cd4_ordered></cd4_ordered>
    <cd4></cd4>
    <number_anc_visit></number_anc_visit>
    <date_cd4></date_cd4>
    <viral_load_test_done></viral_load_test_done>
    <date_viral_load></date_viral_load>
    <syphilis_tested>No</syphilis_tested>
    <syphilis_test_result></syphilis_test_result>
    <syphilis_treated></syphilis_treated>
    <hepatitisb_tested></hepatitisb_tested>
    <hepatitisb_test_result></hepatitisb_test_result>
    <hepatitisc_tested></hepatitisc_tested>
    <hepatitisc_test_result></hepatitisc_test_result>
    <date_next_appointment></date_next_appointment>
    <viral_load_result></viral_load_result>
    <height></height>
    <time_stamp>2019-06-03 10:12:08.0</time_stamp>
    <uploaded></uploaded>
    <time_uploaded>2019-06-03 10:12:08.0</time_uploaded>
    <user_id>1</user_id>
    <id_uuid>4ad3d5c7-3541-4eb6-b910-54053cab8040</id_uuid>
    <hospital_num>0000506</hospital_num>
  </anc>
  <anc>
    <anc_id>2838</anc_id>
    <patient_id>316873</patient_id>
    <facility_id>1190</facility_id>
    <anc_num>1108</anc_num>
    <date_visit>2018-10-31</date_visit>
    <unique_id>0000665</unique_id>
    <date_enrolled_pmtct>2018-10-31</date_enrolled_pmtct>
    <source_referral>Self-referral</source_referral>
    <lmp>2018-08-10</lmp>
    <edd>2019-05-17</edd>
    <gestational_age></gestational_age>
    <gravida>2</gravida>
    <parity>3</parity>
    <time_hiv_diagnosis>Newly Tested HIV+ (ANC)</time_hiv_diagnosis>
    <arv_regimen_past></arv_regimen_past>
    <arv_regimen_current></arv_regimen_current>
    <date_arv_regimen_current>2018-11-01</date_arv_regimen_current>
    <clinic_stage></clinic_stage>
    <date_confirmed_hiv>2018-11-01</date_confirmed_hiv>
    <func_status></func_status>
    <body_weight></body_weight>
    <cd4_ordered></cd4_ordered>
    <cd4></cd4>
    <number_anc_visit></number_anc_visit>
    <date_cd4></date_cd4>
    <viral_load_test_done></viral_load_test_done>
    <date_viral_load></date_viral_load>
    <syphilis_tested>No</syphilis_tested>
    <syphilis_test_result></syphilis_test_result>
    <syphilis_treated></syphilis_treated>
    <hepatitisb_tested></hepatitisb_tested>
    <hepatitisb_test_result></hepatitisb_test_result>
    <hepatitisc_tested></hepatitisc_tested>
    <hepatitisc_test_result></hepatitisc_test_result>
    <date_next_appointment></date_next_appointment>
    <viral_load_result></viral_load_result>
    <height></height>
    <time_stamp>2019-06-03 10:12:08.0</time_stamp>
    <uploaded></uploaded>
    <time_uploaded>2019-06-03 10:12:08.0</time_uploaded>
    <user_id>1</user_id>
    <id_uuid>10c1cef5-60dd-4df0-a0e6-a3c5a7f2a8a3</id_uuid>
    <hospital_num>0000665</hospital_num>
  </anc>
  <anc>
    <anc_id>2839</anc_id>
    <patient_id>317148</patient_id>
    <facility_id>1190</facility_id>
    <anc_num>0000559</anc_num>
    <date_visit>2017-10-12</date_visit>
    <unique_id>0000559</unique_id>
    <date_enrolled_pmtct>2017-10-12</date_enrolled_pmtct>
    <source_referral>Self-referral</source_referral>
    <lmp>2017-08-10</lmp>
    <edd>2018-05-17</edd>
    <gestational_age></gestational_age>
    <gravida>2</gravida>
    <parity>3</parity>
    <time_hiv_diagnosis>Newly Tested HIV+ (ANC)</time_hiv_diagnosis>
    <arv_regimen_past></arv_regimen_past>
    <arv_regimen_current></arv_regimen_current>
    <date_arv_regimen_current>2017-10-12</date_arv_regimen_current>
    <clinic_stage></clinic_stage>
    <date_confirmed_hiv>2017-10-09</date_confirmed_hiv>
    <func_status></func_status>
    <body_weight></body_weight>
    <cd4_ordered></cd4_ordered>
    <cd4></cd4>
    <number_anc_visit></number_anc_visit>
    <date_cd4></date_cd4>
    <viral_load_test_done></viral_load_test_done>
    <date_viral_load></date_viral_load>
    <syphilis_tested>No</syphilis_tested>
    <syphilis_test_result></syphilis_test_result>
    <syphilis_treated></syphilis_treated>
    <hepatitisb_tested></hepatitisb_tested>
    <hepatitisb_test_result></hepatitisb_test_result>
    <hepatitisc_tested></hepatitisc_tested>
    <hepatitisc_test_result></hepatitisc_test_result>
    <date_next_appointment></date_next_appointment>
    <viral_load_result></viral_load_result>
    <height></height>
    <time_stamp>2019-06-03 10:12:08.0</time_stamp>
    <uploaded></uploaded>
    <time_uploaded>2019-06-03 10:12:08.0</time_uploaded>
    <user_id>1</user_id>
    <id_uuid>1b64a6f1-e008-4adf-9be4-e6a93fcdd351</id_uuid>
    <hospital_num>0000559</hospital_num>
  </anc>
  <anc>
    <anc_id>2840</anc_id>
    <patient_id>317440</patient_id>
    <facility_id>1190</facility_id>
    <anc_num>0000553</anc_num>
    <date_visit>2017-09-20</date_visit>
    <unique_id>0000553</unique_id>
    <date_enrolled_pmtct>2017-09-20</date_enrolled_pmtct>
    <source_referral>Self-referral</source_referral>
    <lmp>2017-07-10</lmp>
    <edd>2018-04-17</edd>
    <gestational_age></gestational_age>
    <gravida>1</gravida>
    <parity>2</parity>
    <time_hiv_diagnosis>Newly Tested HIV+ (ANC)</time_hiv_diagnosis>
    <arv_regimen_past></arv_regimen_past>
    <arv_regimen_current></arv_regimen_current>
    <date_arv_regimen_current>2017-09-20</date_arv_regimen_current>
    <clinic_stage></clinic_stage>
    <date_confirmed_hiv></date_confirmed_hiv>
    <func_status></func_status>
    <body_weight></body_weight>
    <cd4_ordered></cd4_ordered>
    <cd4></cd4>
    <number_anc_visit></number_anc_visit>
    <date_cd4></date_cd4>
    <viral_load_test_done></viral_load_test_done>
    <date_viral_load></date_viral_load>
    <syphilis_tested>No</syphilis_tested>
    <syphilis_test_result></syphilis_test_result>
    <syphilis_treated></syphilis_treated>
    <hepatitisb_tested></hepatitisb_tested>
    <hepatitisb_test_result></hepatitisb_test_result>
    <hepatitisc_tested></hepatitisc_tested>
    <hepatitisc_test_result></hepatitisc_test_result>
    <date_next_appointment></date_next_appointment>
    <viral_load_result></viral_load_result>
    <height></height>
    <time_stamp>2019-06-03 10:12:08.0</time_stamp>
    <uploaded></uploaded>
    <time_uploaded>2019-06-03 10:12:08.0</time_uploaded>
    <user_id>1</user_id>
    <id_uuid>063c139e-c06d-4ec2-8c09-c47d4efe4352</id_uuid>
    <hospital_num>0000553</hospital_num>
  </anc>
  <anc>
    <anc_id>2841</anc_id>
    <patient_id>316863</patient_id>
    <facility_id>1190</facility_id>
    <anc_num>0000525</anc_num>
    <date_visit>2017-06-09</date_visit>
    <unique_id>0000525</unique_id>
    <date_enrolled_pmtct>2017-06-09</date_enrolled_pmtct>
    <source_referral>Self-referral</source_referral>
    <lmp>2017-04-10</lmp>
    <edd>2018-01-17</edd>
    <gestational_age></gestational_age>
    <gravida>2</gravida>
    <parity>2</parity>
    <time_hiv_diagnosis>Newly Tested HIV+ (ANC)</time_hiv_diagnosis>
    <arv_regimen_past></arv_regimen_past>
    <arv_regimen_current></arv_regimen_current>
    <date_arv_regimen_current>2017-06-09</date_arv_regimen_current>
    <clinic_stage></clinic_stage>
    <date_confirmed_hiv></date_confirmed_hiv>
    <func_status></func_status>
    <body_weight></body_weight>
    <cd4_ordered></cd4_ordered>
    <cd4></cd4>
    <number_anc_visit></number_anc_visit>
    <date_cd4></date_cd4>
    <viral_load_test_done></viral_load_test_done>
    <date_viral_load></date_viral_load>
    <syphilis_tested>No</syphilis_tested>
    <syphilis_test_result></syphilis_test_result>
    <syphilis_treated></syphilis_treated>
    <hepatitisb_tested></hepatitisb_tested>
    <hepatitisb_test_result></hepatitisb_test_result>
    <hepatitisc_tested></hepatitisc_tested>
    <hepatitisc_test_result></hepatitisc_test_result>
    <date_next_appointment></date_next_appointment>
    <viral_load_result></viral_load_result>
    <height></height>
    <time_stamp>2019-06-03 10:12:08.0</time_stamp>
    <uploaded></uploaded>
    <time_uploaded>2019-06-03 10:12:08.0</time_uploaded>
    <user_id>1</user_id>
    <id_uuid>92e1647c-5aaf-4833-8515-34f8585aac1b</id_uuid>
    <hospital_num>0000525</hospital_num>
  </anc>
  <anc>
    <anc_id>2842</anc_id>
    <patient_id>316866</patient_id>
    <facility_id>1190</facility_id>
    <anc_num>0000509</anc_num>
    <date_visit>2017-06-18</date_visit>
    <unique_id>0000509</unique_id>
    <date_enrolled_pmtct>2017-06-18</date_enrolled_pmtct>
    <source_referral></source_referral>
    <lmp>2017-04-10</lmp>
    <edd>2018-01-17</edd>
    <gestational_age></gestational_age>
    <gravida>2</gravida>
    <parity>2</parity>
    <time_hiv_diagnosis>Newly Tested HIV+ (ANC)</time_hiv_diagnosis>
    <arv_regimen_past></arv_regimen_past>
    <arv_regimen_current></arv_regimen_current>
    <date_arv_regimen_current>2017-04-25</date_arv_regimen_current>
    <clinic_stage></clinic_stage>
    <date_confirmed_hiv></date_confirmed_hiv>
    <func_status></func_status>
    <body_weight></body_weight>
    <cd4_ordered></cd4_ordered>
    <cd4></cd4>
    <number_anc_visit></number_anc_visit>
    <date_cd4></date_cd4>
    <viral_load_test_done></viral_load_test_done>
    <date_viral_load></date_viral_load>
    <syphilis_tested>No</syphilis_tested>
    <syphilis_test_result></syphilis_test_result>
    <syphilis_treated></syphilis_treated>
    <hepatitisb_tested></hepatitisb_tested>
    <hepatitisb_test_result></hepatitisb_test_result>
    <hepatitisc_tested></hepatitisc_tested>
    <hepatitisc_test_result></hepatitisc_test_result>
    <date_next_appointment></date_next_appointment>
    <viral_load_result></viral_load_result>
    <height></height>
    <time_stamp>2019-06-03 10:12:08.0</time_stamp>
    <uploaded></uploaded>
    <time_uploaded>2019-06-03 10:12:08.0</time_uploaded>
    <user_id>1</user_id>
    <id_uuid>15a37eca-89f7-47b1-bf05-5e5d39f689e1</id_uuid>
    <hospital_num>0000509</hospital_num>
  </anc>
  <anc>
    <anc_id>2843</anc_id>
    <patient_id>316868</patient_id>
    <facility_id>1190</facility_id>
    <anc_num>0000563</anc_num>
    <date_visit>2017-10-20</date_visit>
    <unique_id>0000563</unique_id>
    <date_enrolled_pmtct>2017-10-20</date_enrolled_pmtct>
    <source_referral>Self-referral</source_referral>
    <lmp>2017-08-15</lmp>
    <edd>2018-05-22</edd>
    <gestational_age></gestational_age>
    <gravida>2</gravida>
    <parity>2</parity>
    <time_hiv_diagnosis>Newly Tested HIV+ (ANC)</time_hiv_diagnosis>
    <arv_regimen_past></arv_regimen_past>
    <arv_regimen_current></arv_regimen_current>
    <date_arv_regimen_current>2017-10-20</date_arv_regimen_current>
    <clinic_stage></clinic_stage>
    <date_confirmed_hiv>2017-10-20</date_confirmed_hiv>
    <func_status></func_status>
    <body_weight></body_weight>
    <cd4_ordered></cd4_ordered>
    <cd4></cd4>
    <number_anc_visit></number_anc_visit>
    <date_cd4></date_cd4>
    <viral_load_test_done></viral_load_test_done>
    <date_viral_load></date_viral_load>
    <syphilis_tested>No</syphilis_tested>
    <syphilis_test_result></syphilis_test_result>
    <syphilis_treated></syphilis_treated>
    <hepatitisb_tested></hepatitisb_tested>
    <hepatitisb_test_result></hepatitisb_test_result>
    <hepatitisc_tested></hepatitisc_tested>
    <hepatitisc_test_result></hepatitisc_test_result>
    <date_next_appointment></date_next_appointment>
    <viral_load_result></viral_load_result>
    <height></height>
    <time_stamp>2019-06-03 10:12:08.0</time_stamp>
    <uploaded></uploaded>
    <time_uploaded>2019-06-03 10:12:08.0</time_uploaded>
    <user_id>1</user_id>
    <id_uuid>418af626-e478-4903-bb81-c36a07c55f81</id_uuid>
    <hospital_num>0000563</hospital_num>
  </anc>
  <anc>
    <anc_id>2844</anc_id>
    <patient_id>316872</patient_id>
    <facility_id>1190</facility_id>
    <anc_num>0000501</anc_num>
    <date_visit>2017-04-26</date_visit>
    <unique_id>0000501</unique_id>
    <date_enrolled_pmtct>2017-04-26</date_enrolled_pmtct>
    <source_referral>Self-referral</source_referral>
    <lmp>2017-02-25</lmp>
    <edd>2017-12-02</edd>
    <gestational_age></gestational_age>
    <gravida>3</gravida>
    <parity>2</parity>
    <time_hiv_diagnosis>Newly Tested HIV+ (ANC)</time_hiv_diagnosis>
    <arv_regimen_past></arv_regimen_past>
    <arv_regimen_current></arv_regimen_current>
    <date_arv_regimen_current>2017-04-26</date_arv_regimen_current>
    <clinic_stage></clinic_stage>
    <date_confirmed_hiv></date_confirmed_hiv>
    <func_status></func_status>
    <body_weight></body_weight>
    <cd4_ordered></cd4_ordered>
    <cd4></cd4>
    <number_anc_visit></number_anc_visit>
    <date_cd4></date_cd4>
    <viral_load_test_done></viral_load_test_done>
    <date_viral_load></date_viral_load>
    <syphilis_tested>No</syphilis_tested>
    <syphilis_test_result></syphilis_test_result>
    <syphilis_treated></syphilis_treated>
    <hepatitisb_tested></hepatitisb_tested>
    <hepatitisb_test_result></hepatitisb_test_result>
    <hepatitisc_tested></hepatitisc_tested>
    <hepatitisc_test_result></hepatitisc_test_result>
    <date_next_appointment></date_next_appointment>
    <viral_load_result></viral_load_result>
    <height></height>
    <time_stamp>2019-06-03 10:12:08.0</time_stamp>
    <uploaded></uploaded>
    <time_uploaded>2019-06-03 10:12:08.0</time_uploaded>
    <user_id>1</user_id>
    <id_uuid>78e7236a-df18-4de7-a826-afcf94186d10</id_uuid>
    <hospital_num>0000501</hospital_num>
  </anc>
  <anc>
    <anc_id>2845</anc_id>
    <patient_id>317097</patient_id>
    <facility_id>1190</facility_id>
    <anc_num>0000640</anc_num>
    <date_visit>2018-07-24</date_visit>
    <unique_id>0000640</unique_id>
    <date_enrolled_pmtct>2018-07-24</date_enrolled_pmtct>
    <source_referral>Self-referral</source_referral>
    <lmp>2018-05-20</lmp>
    <edd>2019-02-27</edd>
    <gestational_age></gestational_age>
    <gravida>1</gravida>
    <parity>2</parity>
    <time_hiv_diagnosis>Newly Tested HIV+ (ANC)</time_hiv_diagnosis>
    <arv_regimen_past></arv_regimen_past>
    <arv_regimen_current></arv_regimen_current>
    <date_arv_regimen_current>2018-07-24</date_arv_regimen_current>
    <clinic_stage></clinic_stage>
    <date_confirmed_hiv>2018-07-23</date_confirmed_hiv>
    <func_status></func_status>
    <body_weight></body_weight>
    <cd4_ordered></cd4_ordered>
    <cd4></cd4>
    <number_anc_visit></number_anc_visit>
    <date_cd4></date_cd4>
    <viral_load_test_done></viral_load_test_done>
    <date_viral_load></date_viral_load>
    <syphilis_tested>No</syphilis_tested>
    <syphilis_test_result></syphilis_test_result>
    <syphilis_treated></syphilis_treated>
    <hepatitisb_tested></hepatitisb_tested>
    <hepatitisb_test_result></hepatitisb_test_result>
    <hepatitisc_tested></hepatitisc_tested>
    <hepatitisc_test_result></hepatitisc_test_result>
    <date_next_appointment></date_next_appointment>
    <viral_load_result></viral_load_result>
    <height></height>
    <time_stamp>2019-06-03 10:12:08.0</time_stamp>
    <uploaded></uploaded>
    <time_uploaded>2019-06-03 10:12:08.0</time_uploaded>
    <user_id>1</user_id>
    <id_uuid>061a57db-89dd-4895-8ee4-8ef40c714516</id_uuid>
    <hospital_num>0000640</hospital_num>
  </anc>
  <anc>
    <anc_id>2846</anc_id>
    <patient_id>316877</patient_id>
    <facility_id>1190</facility_id>
    <anc_num>0000586</anc_num>
    <date_visit>2018-01-11</date_visit>
    <unique_id>0000586</unique_id>
    <date_enrolled_pmtct>2018-01-11</date_enrolled_pmtct>
    <source_referral>Self-referral</source_referral>
    <lmp>2017-11-10</lmp>
    <edd>2018-08-17</edd>
    <gestational_age></gestational_age>
    <gravida>2</gravida>
    <parity>3</parity>
    <time_hiv_diagnosis>Newly Tested HIV+ (ANC)</time_hiv_diagnosis>
    <arv_regimen_past></arv_regimen_past>
    <arv_regimen_current></arv_regimen_current>
    <date_arv_regimen_current>2018-01-11</date_arv_regimen_current>
    <clinic_stage></clinic_stage>
    <date_confirmed_hiv>2018-01-11</date_confirmed_hiv>
    <func_status></func_status>
    <body_weight></body_weight>
    <cd4_ordered></cd4_ordered>
    <cd4></cd4>
    <number_anc_visit></number_anc_visit>
    <date_cd4></date_cd4>
    <viral_load_test_done></viral_load_test_done>
    <date_viral_load></date_viral_load>
    <syphilis_tested>No</syphilis_tested>
    <syphilis_test_result></syphilis_test_result>
    <syphilis_treated></syphilis_treated>
    <hepatitisb_tested></hepatitisb_tested>
    <hepatitisb_test_result></hepatitisb_test_result>
    <hepatitisc_tested></hepatitisc_tested>
    <hepatitisc_test_result></hepatitisc_test_result>
    <date_next_appointment></date_next_appointment>
    <viral_load_result></viral_load_result>
    <height></height>
    <time_stamp>2019-06-03 10:12:08.0</time_stamp>
    <uploaded></uploaded>
    <time_uploaded>2019-06-03 10:12:08.0</time_uploaded>
    <user_id>1</user_id>
    <id_uuid>910fe708-5582-4143-bc90-a660cf47484f</id_uuid>
    <hospital_num>0000586</hospital_num>
  </anc>
  <anc>
    <anc_id>2847</anc_id>
    <patient_id>316959</patient_id>
    <facility_id>1190</facility_id>
    <anc_num>510</anc_num>
    <date_visit>2017-05-19</date_visit>
    <unique_id>0000510</unique_id>
    <date_enrolled_pmtct>2017-05-19</date_enrolled_pmtct>
    <source_referral></source_referral>
    <lmp>2017-03-20</lmp>
    <edd>2017-12-27</edd>
    <gestational_age></gestational_age>
    <gravida>3</gravida>
    <parity>2</parity>
    <time_hiv_diagnosis>Newly Tested HIV+ (ANC)</time_hiv_diagnosis>
    <arv_regimen_past></arv_regimen_past>
    <arv_regimen_current></arv_regimen_current>
    <date_arv_regimen_current>2017-05-19</date_arv_regimen_current>
    <clinic_stage></clinic_stage>
    <date_confirmed_hiv></date_confirmed_hiv>
    <func_status></func_status>
    <body_weight></body_weight>
    <cd4_ordered></cd4_ordered>
    <cd4></cd4>
    <number_anc_visit></number_anc_visit>
    <date_cd4></date_cd4>
    <viral_load_test_done></viral_load_test_done>
    <date_viral_load></date_viral_load>
    <syphilis_tested>No</syphilis_tested>
    <syphilis_test_result></syphilis_test_result>
    <syphilis_treated></syphilis_treated>
    <hepatitisb_tested></hepatitisb_tested>
    <hepatitisb_test_result></hepatitisb_test_result>
    <hepatitisc_tested></hepatitisc_tested>
    <hepatitisc_test_result></hepatitisc_test_result>
    <date_next_appointment></date_next_appointment>
    <viral_load_result></viral_load_result>
    <height></height>
    <time_stamp>2019-06-03 10:12:08.0</time_stamp>
    <uploaded></uploaded>
    <time_uploaded>2019-06-03 10:12:08.0</time_uploaded>
    <user_id>1</user_id>
    <id_uuid>93d10e4d-77e0-4914-8a85-4da9c9d9c770</id_uuid>
    <hospital_num>0000510</hospital_num>
  </anc>
  <anc>
    <anc_id>2848</anc_id>
    <patient_id>316880</patient_id>
    <facility_id>1190</facility_id>
    <anc_num>524</anc_num>
    <date_visit>2017-06-08</date_visit>
    <unique_id>0000524</unique_id>
    <date_enrolled_pmtct>2017-06-08</date_enrolled_pmtct>
    <source_referral>Self-referral</source_referral>
    <lmp>2017-04-10</lmp>
    <edd>2018-01-17</edd>
    <gestational_age></gestational_age>
    <gravida>1</gravida>
    <parity>2</parity>
    <time_hiv_diagnosis>Newly Tested HIV+ (ANC)</time_hiv_diagnosis>
    <arv_regimen_past></arv_regimen_past>
    <arv_regimen_current></arv_regimen_current>
    <date_arv_regimen_current>2017-06-08</date_arv_regimen_current>
    <clinic_stage></clinic_stage>
    <date_confirmed_hiv></date_confirmed_hiv>
    <func_status></func_status>
    <body_weight></body_weight>
    <cd4_ordered></cd4_ordered>
    <cd4></cd4>
    <number_anc_visit></number_anc_visit>
    <date_cd4></date_cd4>
    <viral_load_test_done></viral_load_test_done>
    <date_viral_load></date_viral_load>
    <syphilis_tested>No</syphilis_tested>
    <syphilis_test_result></syphilis_test_result>
    <syphilis_treated></syphilis_treated>
    <hepatitisb_tested></hepatitisb_tested>
    <hepatitisb_test_result></hepatitisb_test_result>
    <hepatitisc_tested></hepatitisc_tested>
    <hepatitisc_test_result></hepatitisc_test_result>
    <date_next_appointment></date_next_appointment>
    <viral_load_result></viral_load_result>
    <height></height>
    <time_stamp>2019-06-03 10:12:08.0</time_stamp>
    <uploaded></uploaded>
    <time_uploaded>2019-06-03 10:12:08.0</time_uploaded>
    <user_id>1</user_id>
    <id_uuid>7ebb3aad-8d29-43f1-893f-357365691f28</id_uuid>
    <hospital_num>0000524</hospital_num>
  </anc>
  <anc>
    <anc_id>2849</anc_id>
    <patient_id>316882</patient_id>
    <facility_id>1190</facility_id>
    <anc_num>544</anc_num>
    <date_visit>2017-08-07</date_visit>
    <unique_id>0000544</unique_id>
    <date_enrolled_pmtct>2017-08-07</date_enrolled_pmtct>
    <source_referral>Self-referral</source_referral>
    <lmp>2017-06-10</lmp>
    <edd>2018-03-17</edd>
    <gestational_age></gestational_age>
    <gravida>2</gravida>
    <parity>3</parity>
    <time_hiv_diagnosis>Newly Tested HIV+ (ANC)</time_hiv_diagnosis>
    <arv_regimen_past></arv_regimen_past>
    <arv_regimen_current></arv_regimen_current>
    <date_arv_regimen_current>2017-08-07</date_arv_regimen_current>
    <clinic_stage></clinic_stage>
    <date_confirmed_hiv></date_confirmed_hiv>
    <func_status></func_status>
    <body_weight></body_weight>
    <cd4_ordered></cd4_ordered>
    <cd4></cd4>
    <number_anc_visit></number_anc_visit>
    <date_cd4></date_cd4>
    <viral_load_test_done></viral_load_test_done>
    <date_viral_load></date_viral_load>
    <syphilis_tested>No</syphilis_tested>
    <syphilis_test_result></syphilis_test_result>
    <syphilis_treated></syphilis_treated>
    <hepatitisb_tested></hepatitisb_tested>
    <hepatitisb_test_result></hepatitisb_test_result>
    <hepatitisc_tested></hepatitisc_tested>
    <hepatitisc_test_result></hepatitisc_test_result>
    <date_next_appointment></date_next_appointment>
    <viral_load_result></viral_load_result>
    <height></height>
    <time_stamp>2019-06-03 10:12:08.0</time_stamp>
    <uploaded></uploaded>
    <time_uploaded>2019-06-03 10:12:08.0</time_uploaded>
    <user_id>1</user_id>
    <id_uuid>28de2714-8fa6-458a-81f1-c1c634ebacc7</id_uuid>
    <hospital_num>0000544</hospital_num>
  </anc>
  <anc>
    <anc_id>2850</anc_id>
    <patient_id>316887</patient_id>
    <facility_id>1190</facility_id>
    <anc_num>552</anc_num>
    <date_visit>2017-09-18</date_visit>
    <unique_id>0000552</unique_id>
    <date_enrolled_pmtct>2017-09-18</date_enrolled_pmtct>
    <source_referral>Self-referral</source_referral>
    <lmp>2017-07-15</lmp>
    <edd>2018-04-22</edd>
    <gestational_age></gestational_age>
    <gravida>2</gravida>
    <parity>2</parity>
    <time_hiv_diagnosis>Newly Tested HIV+ (ANC)</time_hiv_diagnosis>
    <arv_regimen_past></arv_regimen_past>
    <arv_regimen_current></arv_regimen_current>
    <date_arv_regimen_current>2017-09-25</date_arv_regimen_current>
    <clinic_stage></clinic_stage>
    <date_confirmed_hiv></date_confirmed_hiv>
    <func_status></func_status>
    <body_weight></body_weight>
    <cd4_ordered></cd4_ordered>
    <cd4></cd4>
    <number_anc_visit></number_anc_visit>
    <date_cd4></date_cd4>
    <viral_load_test_done></viral_load_test_done>
    <date_viral_load></date_viral_load>
    <syphilis_tested>No</syphilis_tested>
    <syphilis_test_result></syphilis_test_result>
    <syphilis_treated></syphilis_treated>
    <hepatitisb_tested></hepatitisb_tested>
    <hepatitisb_test_result></hepatitisb_test_result>
    <hepatitisc_tested></hepatitisc_tested>
    <hepatitisc_test_result></hepatitisc_test_result>
    <date_next_appointment></date_next_appointment>
    <viral_load_result></viral_load_result>
    <height></height>
    <time_stamp>2019-06-03 10:12:08.0</time_stamp>
    <uploaded></uploaded>
    <time_uploaded>2019-06-03 10:12:08.0</time_uploaded>
    <user_id>1</user_id>
    <id_uuid>d8fea256-e464-4a73-9923-29e1eb7a1482</id_uuid>
    <hospital_num>0000552</hospital_num>
  </anc>
</ancs>
